{
  "white_lab": [
    93.93333333333332,
    -0.436,
    2.6133333333333333
  ],
  "black_lab": [
    24.400000000000002,
    0.2956666666666667,
    1.2233333333333334
  ],
  "white_xyz": [
    0.807,
    0.8513333333333333,
    0.8893333333333334
  ],
  "black_xyz": [
    0.040299999999999996,
    0.042166666666666665,
    0.04356666666666667
  ],
  "white_y": 0.8513333333333333,
  "black_y": 0.042166666666666665,
  "illuminant": "D65",
  "instrument": "Nix Spectro 2 M2"
}
